<?xml version="1.0" encoding="UTF-8"?>
<rss version="2.0" xmlns:atom="http://www.w3.org/2005/Atom">
  <channel>
    <atom:link href="http://news.bnt.bg/bg/rss/news.xml" rel="self" type="application/rss+xml" />
    <title>БНТ Новини</title>
    <link>http://news.bnt.bg/</link>
    <description>Новини от Българска национална телевизия</description>
    <language>bg</language>
    <lastBuildDate>Wed, 04 Oct 2017 11:40:00 +0300</lastBuildDate>
    <item>
      <title>Парламентът не прие оставката на Делян Добрев</title>
      <link>http://news.bnt.bg/bg/a/ns-otkaza-da-prieme-ostavkata-na-delyan-dobrev</link>
      <description>Парламентът отказа да приеме оставката на депутата от ГЕРБ Делян Добрев. За оставката му гласуваха общо 215 депутати. "За" бяха 97, против - 99, въздържали се - 19. </description>
      <category>У нас / Политика</category>
      <guid isPermaLink="true">http://news.bnt.bg/bg/a/ns-otkaza-da-prieme-ostavkata-na-delyan-dobrev</guid>
      <pubDate>Wed, 04 Oct 2017 11:30:53 +0300</pubDate>
      <enclosure url="http://nws2.bnt.bg/p/d/o/dobrev-sled-ostavka-449793-360x202.jpg" type="image/jpeg" length="10925"/>
    </item>
    <item>
      <title>Каталуния може да обяви независимост до дни</title>
      <link>http://news.bnt.bg/bg/a/kataluniya-mozhe-da-obyavi-nezavisimost-do-dni</link>
      <description>Каталуния ще обяви независимост до дни. За това предупреди лидерът на автономната област Карлес Пучдемон пред BBC. В обръщение към народа испанският крал Фелипе Шести призова испанските власти да защитят „конституционния ред“. А Вицепремиерът на Испания се закани да съди Христо Стоичков.</description>
      <category>По света / Политика, По света / Сигурност</category>
      <guid isPermaLink="true">http://news.bnt.bg/bg/a/kataluniya-mozhe-da-obyavi-nezavisimost-do-dni</guid>
      <pubDate>Wed, 04 Oct 2017 11:28:20 +0300</pubDate>
      <enclosure url="http://nws2.bnt.bg/p/s/p/spain-catalonia-449526-360x202.jpg" type="image/jpeg" length="14697"/>
    </item>
    <item>
      <title>Делян Добрев: С госпожа Йончева ще се видим в съда</title>
      <link>http://news.bnt.bg/bg/a/delyan-dobrev-s-gospozha-yoncheva-shche-se-vidim-v-sda</link>
      <description>"Политиката никога не е била самоцел за мен, нито пък властта. Водил съм се винаги от правилото къде мога да бъда най-полезен за обществото. Направил съм редица предложения и промени в сектор "Енергетика", които бяха гласувани на 100% в пленарна зала. Това заяви Делян Добрев по време на дебатите за депозираната от него оставка.</description>
      <category>У нас / Политика</category>
      <guid isPermaLink="true">http://news.bnt.bg/bg/a/delyan-dobrev-s-gospozha-yoncheva-shche-se-vidim-v-sda</guid>
      <pubDate>Wed, 04 Oct 2017 11:12:44 +0300</pubDate>
      <enclosure url="http://nws2.bnt.bg/p/d/o/dobrev-449787-360x202.jpg" type="image/jpeg" length="10689"/>
    </item>
    <item>
      <title>Борисов: През декември се срещам със Заев и Рама за коридор №8</title>
      <link>http://news.bnt.bg/bg/a/borisov-prez-dekemvri-se-sreshcham-ss-zaev-i-rama-za-koridor-8</link>
      <description>През декември уговаряме среща със Световната банка за изграждането на Коридор №8. На нея ще присъстват премиерите на Македония и Албания Зоран Заев и Еди Рама. Това заяви министър-председателят Бойко Борисов на пресконференция в Евксиноград.</description>
      <category>У нас / Икономика</category>
      <guid isPermaLink="true">http://news.bnt.bg/bg/a/borisov-prez-dekemvri-se-sreshcham-ss-zaev-i-rama-za-koridor-8</guid>
      <pubDate>Wed, 04 Oct 2017 11:02:54 +0300</pubDate>
      <enclosure url="http://nws2.bnt.bg/p/b/o/borisov-449784-360x202.jpg" type="image/jpeg" length="8480"/>
    </item>
    <item>
      <title>Руски сили ликвидираха 12 командири на джихадистите в Сирия</title>
      <link>http://news.bnt.bg/bg/a/ruski-sili-likvidirakha-12-komandiri-na-dzhikhadistite-v-siriya</link>
      <description> Руските Въздушнокосмически сили ликвидираха в Сирия командването на терористичната организация "Джебхат ан Нусра". Нейният главатар е в критично състояние, а 12 от командирите са убити, заяви днес говорителят на руското министерство на отбраната генерал-майор Игор Конашенков, цитиран от ТАСС.</description>
      <category>По света / Сигурност</category>
      <guid isPermaLink="true">http://news.bnt.bg/bg/a/ruski-sili-likvidirakha-12-komandiri-na-dzhikhadistite-v-siriya</guid>
      <pubDate>Wed, 04 Oct 2017 10:38:09 +0300</pubDate>
      <enclosure url="http://nws2.bnt.bg/p/s/y/syria-hama-military-449778-360x202.jpg" type="image/jpeg" length="6435"/>
    </item>
    <item>
      <title>Как се става ръководител на полети?</title>
      <link>http://news.bnt.bg/bg/a/kak-se-stava-rkovoditel-na-poleti</link>
      <description>Недостигът на кадри за ръководители на полети у нас продължава, въпреки че това е една от най-високоплатените професии у нас. Държавно предприятие "Ръководство на въздушното движение" представи професията в "Ден на отворените врати". Много хора посетиха презентацията и видяха в реално време как протича процесът в оперативната зала и тренажорите за обучение на ръководителите на полети. Какво е необходимо, за да се квалифицира кандидат и какви са предизвикателствата на работата, вижте в следващия репортаж на Ирина Шуликова и оператора Лъчезар Ораков.</description>
      <category>Животът / Любопитно, У нас / Общество</category>
      <guid isPermaLink="true">http://news.bnt.bg/bg/a/kak-se-stava-rkovoditel-na-poleti</guid>
      <pubDate>Wed, 04 Oct 2017 10:35:20 +0300</pubDate>
      <enclosure url="http://nws2.bnt.bg/p/d/z/dz041017-rykovoditel-poleti-x264-449781-360x202.jpg" type="image/jpeg" length="11680"/>
    </item>
    <item>
      <title>Държавата си търси 64,2 млн. лв. от некоректните работодатели</title>
      <link>http://news.bnt.bg/bg/a/drzhavata-si-trsi-642-mln-lv-ot-nekorektnite-rabotodateli</link>
      <description>Почти 162 млн. лв. са наложените санкции на некоректни работодатели от Главната инспекция по труда за последните седем години. Това посочва министърът на труда и социалната политика Бисер Петков в писмен отговор на депутатски въпрос.</description>
      <category>У нас / Икономика</category>
      <guid isPermaLink="true">http://news.bnt.bg/bg/a/drzhavata-si-trsi-642-mln-lv-ot-nekorektnite-rabotodateli</guid>
      <pubDate>Wed, 04 Oct 2017 10:20:34 +0300</pubDate>
      <enclosure url="http://nws2.bnt.bg/p/p/a/pari-grf-380125-360x202.jpg" type="image/jpeg" length="11069"/>
    </item>
    <item>
      <title>Втора среща в Солун на външните министри на България, Гърция, Албания, Македония</title>
      <link>http://news.bnt.bg/bg/a/vtora-sreshcha-v-solun-na-vnshnite-ministri-na-blgariya-grtsiya-albaniya-makedoniya</link>
      <description>В Солун днес се събират министрите на външните и вътрешните работи на България, Гърция, Албания и Македония. Това е втора среща в този формат. В нея ще участват още и високопоставени представители на енергийните министерства на тези страни, информират гръцките електронни издания. </description>
      <category>По света / Политика</category>
      <guid isPermaLink="true">http://news.bnt.bg/bg/a/vtora-sreshcha-v-solun-na-vnshnite-ministri-na-blgariya-grtsiya-albaniya-makedoniya</guid>
      <pubDate>Wed, 04 Oct 2017 09:47:47 +0300</pubDate>
      <enclosure url="http://nws2.bnt.bg/p/0/6/0621-solun-200348-360x202.jpg" type="image/jpeg" length="8447"/>
    </item>
    <item>
      <title>Борисов: Морално е кметът на Хасково да подаде оставка</title>
      <link>http://news.bnt.bg/bg/a/boyko-borisov-dobrev-postupva-dostoyno</link>
      <description>На пресконференция в Евксиноград министър-председателят Бойко Борисов обяви, че подаването на оставка е морален акт, заради което неговото мнение, че Делян Добрев постъпва достойно. Премиерът даде пример със себе си и със собственото му подаване на оставка. Той отбеляза, че партията желае Делян Добрев да остане на поста си и допълни, че е редно кметът на Хасково също да подаде оставка и да се проведат кметски избори. Премиерът обаче отбеляза, че кметът на Хасково Добри Беливанов има право да не го прави и въпросът е морален избор.</description>
      <category>У нас / Политика</category>
      <guid isPermaLink="true">http://news.bnt.bg/bg/a/boyko-borisov-dobrev-postupva-dostoyno</guid>
      <pubDate>Wed, 04 Oct 2017 09:38:34 +0300</pubDate>
      <enclosure url="http://nws2.bnt.bg/p/b/o/boyko-borisov-449775-360x202.jpg" type="image/jpeg" length="7416"/>
    </item>
    <item>
      <title>Вицепремиерът на Испания дава на съд Стоичков заради обвиненията във франкизъм</title>
      <link>http://news.bnt.bg/bg/a/vitsepremiert-na-ispaniya-dava-na-sd-stoichkov-zaradi-obvineniyata-vv-frankizm</link>
      <description>Вицепремиерът на Испания Сорая Саенс де Сантамария възнамерява да съди бившия нападател на Барселона Христо Стоичков, по повод отправените обвинения към нея във франкизъм. Това съобщи испанската агенция EFE, цитирана от спортния ежедневник Marca.</description>
      <category>По света / Общество</category>
      <guid isPermaLink="true">http://news.bnt.bg/bg/a/vitsepremiert-na-ispaniya-dava-na-sd-stoichkov-zaradi-obvineniyata-vv-frankizm</guid>
      <pubDate>Wed, 04 Oct 2017 09:17:34 +0300</pubDate>
      <enclosure url="http://nws2.bnt.bg/p/s/t/stoichkov-449481-360x202.jpg" type="image/jpeg" length="9251"/>
    </item>
    <item>
      <title>Рекорд за най-дълъг кучешки език</title>
      <link>http://news.bnt.bg/bg/a/rekord-za-nay-dlg-kucheshki-ezik</link>
      <description>Днес е Световният ден за защита на животните. Стопаните на едно куче от Южна Дакота в САЩ обаче имат друг повод за празнуване.</description>
      <category>Животът / Любопитно</category>
      <guid isPermaLink="true">http://news.bnt.bg/bg/a/rekord-za-nay-dlg-kucheshki-ezik</guid>
      <pubDate>Wed, 04 Oct 2017 09:13:23 +0300</pubDate>
      <enclosure url="http://nws2.bnt.bg/p/d/o/dog-usa-record-449763-360x202.jpg" type="image/jpeg" length="9407"/>
    </item>
    <item>
      <title>Започва заседанието на НС, в което ще се гласува оставката на Делян Добрев</title>
      <link>http://news.bnt.bg/bg/a/zapochva-zasedanieto-na-ns-v-koeto-shche-se-glasuva-ostavkata-na-delyan-dobrev</link>
      <description>В този час започва заседанието на Народното събрание, втора точка от дневния ред на което е гласуването на оставката  на Делян Добрев. Тoй я депозира вчера в деловодството на Парламента след разразилия се скандал с назначенията в общината в Хасково.</description>
      <category>У нас / Политика</category>
      <guid isPermaLink="true">http://news.bnt.bg/bg/a/zapochva-zasedanieto-na-ns-v-koeto-shche-se-glasuva-ostavkata-na-delyan-dobrev</guid>
      <pubDate>Wed, 04 Oct 2017 09:05:46 +0300</pubDate>
      <enclosure url="http://nws2.bnt.bg/p/n/a/narodono-sabraniew-plazma-423712-360x202.jpg" type="image/jpeg" length="8053"/>
    </item>
    <item>
      <title>Врачанската болница остава без персонал</title>
      <link>http://news.bnt.bg/bg/a/vrachanskata-bolnitsa-ostava-bez-personal</link>
      <description>Днес се потвърди новината, че Медицинският съвет на Врачанската болница подава колективно оставка. Вчера следобед от болницата разпространиха писмо, в което се казва че заедно с началниците на отделения оставки ще депозират и всички медици и това ще се случи до 6-ти октомври.</description>
      <category>Животът / Здраве</category>
      <guid isPermaLink="true">http://news.bnt.bg/bg/a/vrachanskata-bolnitsa-ostava-bez-personal</guid>
      <pubDate>Wed, 04 Oct 2017 08:58:28 +0300</pubDate>
      <enclosure url="http://nws2.bnt.bg/p/b/o/bolnica-vratsa-449757-360x202.jpg" type="image/jpeg" length="10371"/>
    </item>
    <item>
      <title>Демонстрация във Варшава в подкрепа на правата на жените</title>
      <link>http://news.bnt.bg/bg/a/demonstratsiya-vv-varshava-v-podkrepa-na-pravata-na-zhenite</link>
      <description>Хиляди поляци се включиха в демонстрация във Варшава в подкрепа на правата на жените. Поводът бе първата годишнина от масовия протест срещу планираната пълна забрана на абортите. </description>
      <category>По света / Общество</category>
      <guid isPermaLink="true">http://news.bnt.bg/bg/a/demonstratsiya-vv-varshava-v-podkrepa-na-pravata-na-zhenite</guid>
      <pubDate>Wed, 04 Oct 2017 08:40:00 +0300</pubDate>
      <enclosure url="http://nws2.bnt.bg/p/p/o/poland-womens-march-449748-360x202.jpg" type="image/jpeg" length="13996"/>
    </item>
    <item>
      <title>Проф. Плочев поискал увеличение на бюджета за НЗОК с 500 млн. лв.</title>
      <link>http://news.bnt.bg/bg/a/prof-plochev-nzok-500-mln</link>
      <description>В студиото на „Денят започва“ директорът на Националната здравноосигурителна каса проф. Камен Плочев отбеляза, че е поискал увеличение на бюджета с 500 млн. лв, като допълни, че е реалистично да се отпусне половината от тази сума. Той заяви, че има два ефективни начина за контрол в здравната система - от страна на пациента и електронна система, като най-добрият е пациентът. Той допълни, че пациентът трябва да има възможност да съобщава за нарушения, както и да следи по електронен път какви манипулации са му правени. Според проф. Плочев въвеждането на електронно здравно досие е ключово, за да се подобри качеството на здравната услуга, както и да се прекъснат недобросъвестните практики от страна на лекарите да изписват фиктивни клинични пътеки.</description>
      <category>Животът / Здраве, У нас / Общество, У нас / Икономика</category>
      <guid isPermaLink="true">http://news.bnt.bg/bg/a/prof-plochev-nzok-500-mln</guid>
      <pubDate>Wed, 04 Oct 2017 08:20:11 +0300</pubDate>
      <enclosure url="http://nws2.bnt.bg/p/p/l/plochev-nzok-449754-360x202.jpg" type="image/jpeg" length="8297"/>
    </item>
    <item>
      <title>ЕП решава за достъпа на България и Румъния до Шенгенската информационна система</title>
      <link>http://news.bnt.bg/bg/a/ep-reshava-za-dostpa-na-blgariya-i-rumniya-do-shengenskata-informatsionna-sistema</link>
      <description>Продължава пленарната сесия на Европейския парламент. Днес евродепутатите ще гласуват предложение България и Румъния да получат т. нар. пасивен достъп до Шенгенската информационна система. Това означава, че службите на двете държави ще могат да четат информация, но не и да въвеждат, променят или трият данни. </description>
      <category>По света / Политика</category>
      <guid isPermaLink="true">http://news.bnt.bg/bg/a/ep-reshava-za-dostpa-na-blgariya-i-rumniya-do-shengenskata-informatsionna-sistema</guid>
      <pubDate>Wed, 04 Oct 2017 08:14:14 +0300</pubDate>
      <enclosure url="http://nws2.bnt.bg/p/s/h/shengen-449745-360x202.jpg" type="image/jpeg" length="11234"/>
    </item>
    <item>
      <title>Назначения и обвинения: ГЕРБ и БСП сблъскаха мненията си в "Денят започва"</title>
      <link>http://news.bnt.bg/bg/a/naznacheniya-i-obvineniya</link>
      <description>В студиото на "Денят започва" Александър Ненков от ГЕРБ и Стоян Мирчев от БСП сблъскаха мненията си по случая "Кумгейт". Според Стоян Мирчев доказателствата за шуробаджанащината са с космически размери. 2/3 от държавните назначения по време на управлението на ГЕРБ стават без конкурс. Александър Ненков заяви, че навсякъде се провеждат конкурси отрече и няма законови нарушения при назначенията в администрацията. </description>
      <category>У нас / Политика</category>
      <guid isPermaLink="true">http://news.bnt.bg/bg/a/naznacheniya-i-obvineniya</guid>
      <pubDate>Wed, 04 Oct 2017 08:05:56 +0300</pubDate>
      <enclosure url="http://nws2.bnt.bg/p/m/i/mirchev-nenkov-449739-360x202.jpg" type="image/jpeg" length="8091"/>
    </item>
    <item>
      <title>Петима са арестувани в Марсилия заради нападението в неделя</title>
      <link>http://news.bnt.bg/bg/a/petima-sa-arestuvani-v-marsiliya-zaradi-napadenieto-v-nedelya</link>
      <description>Петима души са арестувани вчера в Марсилия и това е първият значителен напредък за изясняване на профила и миналото на 29-годишния тунизиец Ахмед Ханаши, който в неделя уби с нож две млади жени в града, предаде Франс прес.</description>
      <category>По света / Сигурност</category>
      <guid isPermaLink="true">http://news.bnt.bg/bg/a/petima-sa-arestuvani-v-marsiliya-zaradi-napadenieto-v-nedelya</guid>
      <pubDate>Wed, 04 Oct 2017 07:58:52 +0300</pubDate>
      <enclosure url="http://nws2.bnt.bg/p/f/r/france-knife-attack-449736-360x202.jpg" type="image/jpeg" length="14199"/>
    </item>
    <item>
      <title>Земетресение с магнитуд 5,8 разлюля Атлантическия океан</title>
      <link>http://news.bnt.bg/bg/a/zemetresenie-s-magnitud-58-razlyulya-atlanticheskiya-okean</link>
      <description>Земетресение с магнитуд 5,8 разлюля Атлантическия океан, съобщава геологическата служба на САЩ. Епицентърът е северно от Френска Гвиана. Огнището е на дълбочина 10 километра.</description>
      <category>По света / Сигурност</category>
      <guid isPermaLink="true">http://news.bnt.bg/bg/a/zemetresenie-s-magnitud-58-razlyulya-atlanticheskiya-okean</guid>
      <pubDate>Wed, 04 Oct 2017 07:49:42 +0300</pubDate>
      <enclosure url="http://nws2.bnt.bg/p/t/r/trusove1-249830-360x202.jpg" type="image/jpeg" length="5036"/>
    </item>
    <item>
      <title>Стрелецът от Лас Вегас събирал арсенала си 20 години</title>
      <link>http://news.bnt.bg/bg/a/streletst-ot-las-vegas-sbiral-arsenala-si-20-godini</link>
      <description>Продължава разследването на стрелбата в Лас Вегас, при която загинаха 59 души, а стотици бяха ранени. Извършителят на масовото убийство е имал 47 огнестрелни оръжия на три различни места, включително в хотелската си стая и жилищата си, съобщи Американското бюро за алкохол, тютюн и огнестрелно оръжие.</description>
      <category>По света / Сигурност</category>
      <guid isPermaLink="true">http://news.bnt.bg/bg/a/streletst-ot-las-vegas-sbiral-arsenala-si-20-godini</guid>
      <pubDate>Wed, 04 Oct 2017 07:21:21 +0300</pubDate>
      <enclosure url="http://nws2.bnt.bg/p/l/a/las-vegas-shooting-449733-360x202.jpg" type="image/jpeg" length="7712"/>
    </item>
  </channel>
</rss>